id,organization,delta_count,activity_date,action,created_at
1,Jump Trading,1,2025-08-18,created_backfill,2026-05-09 13:27:36.141645
2,Adobe,6,2025-08-24,created_backfill,2026-05-09 13:27:36.141645
3,TikTok,2,2025-09-03,created_backfill,2026-05-09 13:27:36.141645
4,AppLovin,4,2025-09-03,created_backfill,2026-05-09 13:27:36.141645
5,Thomson Reuters,10,2025-09-03,created_backfill,2026-05-09 13:27:36.141645
6,Microsoft,3,2025-09-03,created_backfill,2026-05-09 13:27:36.141645
7,Google,3,2025-09-03,created_backfill,2026-05-09 13:27:36.141645
8,Snap,3,2025-09-04,created_backfill,2026-05-09 13:27:36.141645
9,Spotify,8,2025-09-04,created_backfill,2026-05-09 13:27:36.141645
10,Apple,5,2025-09-04,created_backfill,2026-05-09 13:27:36.141645
11,T Mobile,5,2025-09-04,created_backfill,2026-05-09 13:27:36.141645
12,TogetherAI,3,2025-09-04,created_backfill,2026-05-09 13:27:36.141645
13,Wayfair,1,2025-09-04,created_backfill,2026-05-09 13:27:36.141645
14,JP Morgan Chase,11,2025-09-05,created_backfill,2026-05-09 13:27:36.141645
15,Prolific,2,2025-09-06,created_backfill,2026-05-09 13:27:36.141645
16,Nextdoor,6,2025-09-06,created_backfill,2026-05-09 13:27:36.141645
17,Baselayer,2,2025-09-06,created_backfill,2026-05-09 13:27:36.141645
18,JaneStreet,4,2025-09-06,created_backfill,2026-05-09 13:27:36.141645
19,Affirm,7,2025-09-07,created_backfill,2026-05-09 13:27:36.141645
20,Radian,3,2025-09-07,created_backfill,2026-05-09 13:27:36.141645
21,Allstate,2,2025-09-07,created_backfill,2026-05-09 13:27:36.141645
22,Baseten,9,2025-09-07,created_backfill,2026-05-09 13:27:36.141645
23,Attlasian,2,2025-09-08,created_backfill,2026-05-09 13:27:36.141645
24,EY,8,2025-09-11,created_backfill,2026-05-09 13:27:36.141645
25,xAI,1,2025-09-14,created_backfill,2026-05-09 13:27:36.141645
26,Nuro,7,2025-09-14,created_backfill,2026-05-09 13:27:36.141645
27,LangChain,2,2025-09-14,created_backfill,2026-05-09 13:27:36.141645
28,Mojang,1,2025-09-14,created_backfill,2026-05-09 13:27:36.141645
29,Cherre,1,2025-09-16,created_backfill,2026-05-09 13:27:36.141645
30,OpusClip,3,2025-09-16,created_backfill,2026-05-09 13:27:36.141645
31,Elevance Health,4,2025-09-18,created_backfill,2026-05-09 13:27:36.141645
32,Prophecy,2,2025-09-18,created_backfill,2026-05-09 13:27:36.141645
33,Caterpillar,8,2025-09-18,created_backfill,2026-05-09 13:27:36.141645
34,Quantcast,1,2025-09-18,created_backfill,2026-05-09 13:27:36.141645
35,Loop,3,2025-09-18,created_backfill,2026-05-09 13:27:36.141645
36,Kodiak,5,2025-09-19,created_backfill,2026-05-09 13:27:36.141645
37,Parafin,3,2025-09-19,created_backfill,2026-05-09 13:27:36.141645
38,Ironclad,2,2025-09-28,created_backfill,2026-05-09 13:27:36.141645
39,DE Shaw,1,2025-10-04,created_backfill,2026-05-09 13:27:36.141645
40,Twitch,4,2025-10-04,created_backfill,2026-05-09 13:27:36.141645
41,Travellers,4,2025-10-12,created_backfill,2026-05-09 13:27:36.141645
42,Cohere AI,19,2025-10-12,created_backfill,2026-05-09 13:27:36.141645
43,ESRI,4,2025-10-12,created_backfill,2026-05-09 13:27:36.141645
44,Promise,2,2025-10-31,created_backfill,2026-05-09 13:27:36.141645
45,Rover.com,1,2025-10-31,created_backfill,2026-05-09 13:27:36.141645
46,ExtraHop,1,2025-10-31,created_backfill,2026-05-09 13:27:36.141645
47,Replit,1,2025-10-31,created_backfill,2026-05-09 13:27:36.141645
48,Watershed,1,2025-10-31,created_backfill,2026-05-09 13:27:36.141645
49,Applied Intuition,12,2025-11-05,created_backfill,2026-05-09 13:27:36.141645
50,Paypal,4,2025-11-05,created_backfill,2026-05-09 13:27:36.141645
51,SkildAI,12,2025-11-05,created_backfill,2026-05-09 13:27:36.141645
52,Celonis*,6,2025-11-05,created_backfill,2026-05-09 13:27:36.141645
53,TransUnion,1,2025-11-08,created_backfill,2026-05-09 13:27:36.141645
54,Sony Interactive,3,2025-11-08,created_backfill,2026-05-09 13:27:36.141645
55,Experian*,4,2025-11-08,created_backfill,2026-05-09 13:27:36.141645
56,Gruve,2,2025-11-08,created_backfill,2026-05-09 13:27:36.141645
57,Rokt,4,2025-11-10,created_backfill,2026-05-09 13:27:36.141645
58,Decagon,6,2025-11-10,created_backfill,2026-05-09 13:27:36.141645
59,Uber,2,2025-11-10,created_backfill,2026-05-09 13:27:36.141645
60,TwoSigma,2,2025-11-10,created_backfill,2026-05-09 13:27:36.141645
61,Cisco,5,2025-11-13,created_backfill,2026-05-09 13:27:36.141645
62,AstraZeneca,1,2025-11-13,created_backfill,2026-05-09 13:27:36.141645
63,Goldman Sachs,6,2025-11-13,created_backfill,2026-05-09 13:27:36.141645
64,Lenovo,1,2025-11-13,created_backfill,2026-05-09 13:27:36.141645
65,Abbvie,3,2025-11-13,created_backfill,2026-05-09 13:27:36.141645
66,MSCI,12,2025-11-13,created_backfill,2026-05-09 13:27:36.141645
67,iHeartMedia,1,2025-11-13,created_backfill,2026-05-09 13:27:36.141645
68,EvenUp*,9,2025-11-13,created_backfill,2026-05-09 13:27:36.141645
69,DeepScribe,1,2025-11-16,created_backfill,2026-05-09 13:27:36.141645
70,AvenueZ,1,2025-11-16,created_backfill,2026-05-09 13:27:36.141645
71,Clariti,1,2025-11-16,created_backfill,2026-05-09 13:27:36.141645
72,RedBull PU,2,2025-11-18,created_backfill,2026-05-09 13:27:36.141645
73,Amex,3,2025-11-18,created_backfill,2026-05-09 13:27:36.141645
74,Databricks,6,2025-11-18,created_backfill,2026-05-09 13:27:36.141645
75,Herald API,1,2025-11-18,created_backfill,2026-05-09 13:27:36.141645
76,UpStart,5,2025-11-18,created_backfill,2026-05-09 13:27:36.141645
77,Lime,1,2025-11-24,created_backfill,2026-05-09 13:27:36.141645
78,United Health Group,3,2025-11-24,created_backfill,2026-05-09 13:27:36.141645
79,ScaleAI,1,2025-11-24,created_backfill,2026-05-09 13:27:36.141645
80,Broadcom,1,2025-11-24,created_backfill,2026-05-09 13:27:36.141645
81,LexisNexis,2,2025-11-24,created_backfill,2026-05-09 13:27:36.141645
82,Cresta,4,2025-11-24,created_backfill,2026-05-09 13:27:36.141645
83,BlackRock,6,2025-11-24,created_backfill,2026-05-09 13:27:36.141645
84,Waabi,6,2025-11-24,created_backfill,2026-05-09 13:27:36.141645
85,Xpeng,6,2025-11-25,created_backfill,2026-05-09 13:27:36.141645
86,Altos Labs,2,2025-11-25,created_backfill,2026-05-09 13:27:36.141645
87,IMC,1,2025-11-25,created_backfill,2026-05-09 13:27:36.141645
88,Plaid,5,2025-11-30,created_backfill,2026-05-09 13:27:36.141645
89,Norm AI,1,2025-12-08,created_backfill,2026-05-09 13:27:36.141645
90,Moloco,11,2025-12-08,created_backfill,2026-05-09 13:27:36.141645
91,DRW,1,2025-12-08,created_backfill,2026-05-09 13:27:36.141645
92,Zillow,5,2025-12-08,created_backfill,2026-05-09 13:27:36.141645
93,Physicx,1,2025-12-08,created_backfill,2026-05-09 13:27:36.141645
94,10a Labs,2,2025-12-08,created_backfill,2026-05-09 13:27:36.141645
95,Crusoe,2,2025-12-30,created_backfill,2026-05-09 13:27:36.141645
96,Applied Materials,4,2025-12-30,created_backfill,2026-05-09 13:27:36.141645
97,SSI,1,2025-12-30,created_backfill,2026-05-09 13:27:36.141645
98,Salesforce,2,2026-01-01,created_backfill,2026-05-09 13:27:36.141645
99,Roe,1,2026-01-03,created_backfill,2026-05-09 13:27:36.141645
100,BosonAI,5,2026-01-03,created_backfill,2026-05-09 13:27:36.141645
101,KLA,1,2026-01-04,created_backfill,2026-05-09 13:27:36.141645
102,Thoughtworks,1,2026-01-05,created_backfill,2026-05-09 13:27:36.141645
103,Lazard,1,2026-01-05,created_backfill,2026-05-09 13:27:36.141645
104,Nordstrom,2,2026-01-06,created_backfill,2026-05-09 13:27:36.141645
105,IBM,5,2026-01-06,created_backfill,2026-05-09 13:27:36.141645
106,LumaAI,5,2026-01-06,created_backfill,2026-05-09 13:27:36.141645
107,CD Projekt,3,2026-01-06,created_backfill,2026-05-09 13:27:36.141645
108,Field Guide,2,2026-01-07,created_backfill,2026-05-09 13:27:36.141645
109,Cotiviti,3,2026-01-07,created_backfill,2026-05-09 13:27:36.141645
110,Warner Music Group,1,2026-01-09,created_backfill,2026-05-09 13:27:36.141645
111,Thermo Fisher,1,2026-01-12,created_backfill,2026-05-09 13:27:36.141645
112,Distyl,6,2026-01-12,created_backfill,2026-05-09 13:27:36.141645
113,Bracebridge,1,2026-01-12,created_backfill,2026-05-09 13:27:36.141645
114,Nutanix,1,2026-01-12,created_backfill,2026-05-09 13:27:36.141645
115,Xogene,2,2026-01-13,created_backfill,2026-05-09 13:27:36.141645
116,Navy Federal,1,2026-01-13,created_backfill,2026-05-09 13:27:36.141645
117,Accenture,3,2026-01-15,created_backfill,2026-05-09 13:27:36.141645
118,Quora,2,2026-01-15,created_backfill,2026-05-09 13:27:36.141645
119,Payscale,3,2026-01-15,created_backfill,2026-05-09 13:27:36.141645
120,CrowdStrike,1,2026-01-16,created_backfill,2026-05-09 13:27:36.141645
121,Bayer,2,2026-01-16,created_backfill,2026-05-09 13:27:36.141645
122,Ameriprise,1,2026-01-16,created_backfill,2026-05-09 13:27:36.141645
123,Gartner,3,2026-01-18,created_backfill,2026-05-09 13:27:36.141645
124,Assort Health,5,2026-01-18,created_backfill,2026-05-09 13:27:36.141645
125,Aircall,1,2026-01-18,created_backfill,2026-05-09 13:27:36.141645
126,Tatari,4,2026-01-18,created_backfill,2026-05-09 13:27:36.141645
127,Tempus,1,2026-01-18,created_backfill,2026-05-09 13:27:36.141645
128,Kaseya,2,2026-01-19,created_backfill,2026-05-09 13:27:36.141645
129,Pinterest,1,2026-01-20,created_backfill,2026-05-09 13:27:36.141645
130,AES,1,2026-01-20,created_backfill,2026-05-09 13:27:36.141645
131,RedHat,5,2026-01-20,created_backfill,2026-05-09 13:27:36.141645
132,ArizeAI,7,2026-01-20,created_backfill,2026-05-09 13:27:36.141645
133,Cayuse Holdings,6,2026-01-20,created_backfill,2026-05-09 13:27:36.141645
134,Ipsos,1,2026-01-20,created_backfill,2026-05-09 13:27:36.141645
135,Far.ai,2,2026-01-21,created_backfill,2026-05-09 13:27:36.141645
136,Aechelon,1,2026-01-21,created_backfill,2026-05-09 13:27:36.141645
137,CVS,3,2026-01-21,created_backfill,2026-05-09 13:27:36.141645
138,Roku,3,2026-01-21,created_backfill,2026-05-09 13:27:36.141645
139,Meta,2,2026-01-22,created_backfill,2026-05-09 13:27:36.141645
140,NVIDIA,6,2026-01-22,created_backfill,2026-05-09 13:27:36.141645
141,HPE,1,2026-01-22,created_backfill,2026-05-09 13:27:36.141645
142,Zoox,4,2026-01-22,created_backfill,2026-05-09 13:27:36.141645
143,Oracle,1,2026-01-24,created_backfill,2026-05-09 13:27:36.141645
144,Actively AI,6,2026-01-24,created_backfill,2026-05-09 13:27:36.141645
145,ETS,2,2026-01-24,created_backfill,2026-05-09 13:27:36.141645
146,Manulife,2,2026-01-27,created_backfill,2026-05-09 13:27:36.141645
147,Cohere Health,3,2026-01-27,created_backfill,2026-05-09 13:27:36.141645
148,Scowtt,2,2026-01-27,created_backfill,2026-05-09 13:27:36.141645
149,CaseGaurd,1,2026-01-27,created_backfill,2026-05-09 13:27:36.141645
150,iTradeNetwork,1,2026-01-27,created_backfill,2026-05-09 13:27:36.141645
151,Vilya,2,2026-01-27,created_backfill,2026-05-09 13:27:36.141645
152,City of NY,3,2026-01-28,created_backfill,2026-05-09 13:27:36.141645
153,GumGum*,1,2026-01-28,created_backfill,2026-05-09 13:27:36.141645
154,MAI,2,2026-01-28,created_backfill,2026-05-09 13:27:36.141645
155,Visa,9,2026-01-28,created_backfill,2026-05-09 13:27:36.141645
156,Stepstone,2,2026-01-28,created_backfill,2026-05-09 13:27:36.141645
157,asari ai,1,2026-01-28,created_backfill,2026-05-09 13:27:36.141645
158,Shipt,2,2026-01-28,created_backfill,2026-05-09 13:27:36.141645
159,Astrix,1,2026-01-31,created_backfill,2026-05-09 13:27:36.141645
160,Tubi*,3,2026-01-31,created_backfill,2026-05-09 13:27:36.141645
161,Stripe,5,2026-01-31,created_backfill,2026-05-09 13:27:36.141645
162,Disney,2,2026-01-31,created_backfill,2026-05-09 13:27:36.141645
163,Pitchbook*,2,2026-02-01,created_backfill,2026-05-09 13:27:36.141645
164,Magnite,1,2026-02-01,created_backfill,2026-05-09 13:27:36.141645
165,Voleon Group*,12,2026-02-01,created_backfill,2026-05-09 13:27:36.141645
166,HRT,1,2026-02-01,created_backfill,2026-05-09 13:27:36.141645
167,Block*,1,2026-02-01,created_backfill,2026-05-09 13:27:36.141645
168,WhatNot*,5,2026-02-01,created_backfill,2026-05-09 13:27:36.141645
169,Percepta,2,2026-02-01,created_backfill,2026-05-09 13:27:36.141645
170,Amigo,1,2026-02-01,created_backfill,2026-05-09 13:27:36.141645
171,Mercedes Benz,2,2026-02-01,created_backfill,2026-05-09 13:27:36.141645
172,Lucidya,2,2026-02-01,created_backfill,2026-05-09 13:27:36.141645
173,G42,5,2026-02-01,created_backfill,2026-05-09 13:27:36.141645
174,Shift,3,2026-02-01,created_backfill,2026-05-09 13:27:36.141645
175,Alan*,1,2026-02-01,created_backfill,2026-05-09 13:27:36.141645
176,Siemens,2,2026-02-02,created_backfill,2026-05-09 13:27:36.141645
177,Oden Technologies*,1,2026-02-02,created_backfill,2026-05-09 13:27:36.141645
178,PurePower*,1,2026-02-02,created_backfill,2026-05-09 13:27:36.141645
179,DHL*,2,2026-02-02,created_backfill,2026-05-09 13:27:36.141645
180,Judi Health*,2,2026-02-02,created_backfill,2026-05-09 13:27:36.141645
181,HockeyStack,1,2026-02-02,created_backfill,2026-05-09 13:27:36.141645
182,HorizonMedia,4,2026-02-02,created_backfill,2026-05-09 13:27:36.141645
183,Figma,2,2026-02-02,created_backfill,2026-05-09 13:27:36.141645
184,Citizen Health,1,2026-02-02,created_backfill,2026-05-09 13:27:36.141645
185,Dialpad,1,2026-02-02,created_backfill,2026-05-09 13:27:36.141645
186,Hex*,1,2026-02-02,created_backfill,2026-05-09 13:27:36.141645
187,Slingshot AI,1,2026-02-02,created_backfill,2026-05-09 13:27:36.141645
188,Waymo,1,2026-02-02,created_backfill,2026-05-09 13:27:36.141645
189,InductiveBio,1,2026-02-02,created_backfill,2026-05-09 13:27:36.141645
190,BrainTrust,1,2026-02-02,created_backfill,2026-05-09 13:27:36.141645
191,Wonderschool,1,2026-02-02,created_backfill,2026-05-09 13:27:36.141645
192,Spade,1,2026-02-02,created_backfill,2026-05-09 13:27:36.141645
193,Pindrop,1,2026-02-02,created_backfill,2026-05-09 13:27:36.141645
194,Labelbox*,1,2026-02-02,created_backfill,2026-05-09 13:27:36.141645
195,Optum,2,2026-02-03,created_backfill,2026-05-09 13:27:36.141645
196,Ford*,4,2026-02-03,created_backfill,2026-05-09 13:27:36.141645
197,Honda,1,2026-02-03,created_backfill,2026-05-09 13:27:36.141645
198,Toyota,1,2026-02-03,created_backfill,2026-05-09 13:27:36.141645
199,Slack,7,2026-02-03,created_backfill,2026-05-09 13:27:36.141645
200,100ms,1,2026-02-03,created_backfill,2026-05-09 13:27:36.141645
201,AegisAI,3,2026-02-03,created_backfill,2026-05-09 13:27:36.141645
202,AssemblyAI,1,2026-02-03,created_backfill,2026-05-09 13:27:36.141645
203,Astral,1,2026-02-03,created_backfill,2026-05-09 13:27:36.141645
204,Dovetail,1,2026-02-03,created_backfill,2026-05-09 13:27:36.141645
205,Moveworks*,4,2026-02-03,created_backfill,2026-05-09 13:27:36.141645
206,Helsing,2,2026-02-03,created_backfill,2026-05-09 13:27:36.141645
207,Exa,2,2026-02-03,created_backfill,2026-05-09 13:27:36.141645
208,Cartesia,4,2026-02-03,created_backfill,2026-05-09 13:27:36.141645
209,Cognizant,2,2026-02-04,created_backfill,2026-05-09 13:27:36.141645
210,Asana,1,2026-02-04,created_backfill,2026-05-09 13:27:36.141645
211,Mirage,1,2026-02-04,created_backfill,2026-05-09 13:27:36.141645
212,The Trade Desk,5,2026-02-04,created_backfill,2026-05-09 13:27:36.141645
213,Arrowstreet,2,2026-02-04,created_backfill,2026-05-09 13:27:36.141645
214,Basis,4,2026-02-04,created_backfill,2026-05-09 13:27:36.141645
215,LogicMonitor*,1,2026-02-05,created_backfill,2026-05-09 13:27:36.141645
216,Expedia,2,2026-02-05,created_backfill,2026-05-09 13:27:36.141645
217,Talroo,1,2026-02-05,created_backfill,2026-05-09 13:27:36.141645
218,PathAI,1,2026-02-05,created_backfill,2026-05-09 13:27:36.141645
219,Traversal,2,2026-02-05,created_backfill,2026-05-09 13:27:36.141645
220,XBOW,2,2026-02-05,created_backfill,2026-05-09 13:27:36.141645
221,Glean,7,2026-02-05,created_backfill,2026-05-09 13:27:36.141645
222,Cobot,1,2026-02-05,created_backfill,2026-05-09 13:27:36.141645
223,Attentive*,3,2026-02-05,created_backfill,2026-05-09 13:27:36.141645
224,Semgrep,1,2026-02-05,created_backfill,2026-05-09 13:27:36.141645
225,Strava,4,2026-02-05,created_backfill,2026-05-09 13:27:36.141645
226,Cadence,1,2026-02-06,created_backfill,2026-05-09 13:27:36.141645
227,Burford,1,2026-02-06,created_backfill,2026-05-09 13:27:36.141645
228,Cyberhill*,2,2026-02-06,created_backfill,2026-05-09 13:27:36.141645
229,Snowflake,3,2026-02-06,created_backfill,2026-05-09 13:27:36.141645
230,Instacart,4,2026-02-06,created_backfill,2026-05-09 13:27:36.141645
231,Reddit,3,2026-02-06,created_backfill,2026-05-09 13:27:36.141645
232,Klarna,7,2026-02-06,created_backfill,2026-05-09 13:27:36.141645
233,Aurora,4,2026-02-06,created_backfill,2026-05-09 13:27:36.141645
234,Culture Amp,6,2026-02-06,created_backfill,2026-05-09 13:27:36.141645
235,Faire,7,2026-02-06,created_backfill,2026-05-09 13:27:36.141645
236,Peregrine,3,2026-02-06,created_backfill,2026-05-09 13:27:36.141645
237,Biohub,1,2026-02-07,created_backfill,2026-05-09 13:27:36.141645
238,ZS,11,2026-02-07,created_backfill,2026-05-09 13:27:36.141645
239,Valkyrie,1,2026-02-07,created_backfill,2026-05-09 13:27:36.141645
240,Gecko Robotics,2,2026-02-07,created_backfill,2026-05-09 13:27:36.141645
241,Danaher*,2,2026-02-07,created_backfill,2026-05-09 13:27:36.141645
242,Bank of America,8,2026-02-08,created_backfill,2026-05-09 13:27:36.141645
243,Susquehanna,6,2026-02-08,created_backfill,2026-05-09 13:27:36.141645
244,Stryker,2,2026-02-08,created_backfill,2026-05-09 13:27:36.141645
245,Autodesk,4,2026-02-08,created_backfill,2026-05-09 13:27:36.141645
246,Intuit,14,2026-02-08,created_backfill,2026-05-09 13:27:36.141645
247,Dual Entry,1,2026-02-08,created_backfill,2026-05-09 13:27:36.141645
248,Texas Instruments,3,2026-02-08,created_backfill,2026-05-09 13:27:36.141645
249,Augment Code,2,2026-02-08,created_backfill,2026-05-09 13:27:36.141645
250,Kalviyo,5,2026-02-09,created_backfill,2026-05-09 13:27:36.141645
251,BDO,2,2026-02-09,created_backfill,2026-05-09 13:27:36.141645
252,Automat*,1,2026-02-09,created_backfill,2026-05-09 13:27:36.141645
253,BambooHR,1,2026-02-09,created_backfill,2026-05-09 13:27:36.141645
254,Blue River Technologies,1,2026-02-09,created_backfill,2026-05-09 13:27:36.141645
255,Bold,1,2026-02-09,created_backfill,2026-05-09 13:27:36.141645
256,Eight Sleep,3,2026-02-09,created_backfill,2026-05-09 13:27:36.141645
257,Quantified,3,2026-02-09,created_backfill,2026-05-09 13:27:36.141645
258,Citi,7,2026-02-09,created_backfill,2026-05-09 13:27:36.141645
259,New York Life,3,2026-02-10,created_backfill,2026-05-09 13:27:36.141645
260,Ideogram,2,2026-02-11,created_backfill,2026-05-09 13:27:36.141645
261,Salient,1,2026-02-11,created_backfill,2026-05-09 13:27:36.141645
262,Mariana Minerals,1,2026-02-11,created_backfill,2026-05-09 13:27:36.141645
263,Turquoise,1,2026-02-11,created_backfill,2026-05-09 13:27:36.141645
264,Fal AI,1,2026-02-11,created_backfill,2026-05-09 13:27:36.141645
265,Hippocratic AI,3,2026-02-11,created_backfill,2026-05-09 13:27:36.141645
266,Unconventional AI,2,2026-02-11,created_backfill,2026-05-09 13:27:36.141645
267,Onto Innovations,1,2026-02-12,created_backfill,2026-05-09 13:27:36.141645
268,General Motors,4,2026-02-12,created_backfill,2026-05-09 13:27:36.141645
269,HouseCall Pro,2,2026-02-12,created_backfill,2026-05-09 13:27:36.141645
270,Citadel,1,2026-02-12,created_backfill,2026-05-09 13:27:36.141645
271,Pangram*,3,2026-02-13,created_backfill,2026-05-09 13:27:36.141645
272,Etsy,2,2026-02-13,created_backfill,2026-05-09 13:27:36.141645
273,Supernova,1,2026-02-13,created_backfill,2026-05-09 13:27:36.141645
274,Cedar,2,2026-02-13,created_backfill,2026-05-09 13:27:36.141645
275,Skydio*,4,2026-02-13,created_backfill,2026-05-09 13:27:36.141645
276,Current,2,2026-02-13,created_backfill,2026-05-09 13:27:36.141645
277,Komodo Health,2,2026-02-13,created_backfill,2026-05-09 13:27:36.141645
278,Abridge,3,2026-02-13,created_backfill,2026-05-09 13:27:36.141645
279,a16z,1,2026-02-13,created_backfill,2026-05-09 13:27:36.141645
280,Resolve AI,2,2026-02-13,created_backfill,2026-05-09 13:27:36.141645
281,Modular,1,2026-02-13,created_backfill,2026-05-09 13:27:36.141645
282,HealthStream,1,2026-02-14,created_backfill,2026-05-09 13:27:36.141645
283,Saviynt,1,2026-02-15,created_backfill,2026-05-09 13:27:36.141645
284,Chime,1,2026-02-15,created_backfill,2026-05-09 13:27:36.141645
285,Fitch Group,6,2026-02-15,created_backfill,2026-05-09 13:27:36.141645
286,Oscar*,10,2026-02-17,created_backfill,2026-05-09 13:27:36.141645
287,Orchard Robotics,1,2026-02-17,created_backfill,2026-05-09 13:27:36.141645
288,XiFin Inc,1,2026-02-18,created_backfill,2026-05-09 13:27:36.141645
289,HomeKey,2,2026-02-18,created_backfill,2026-05-09 13:27:36.141645
290,Freshworks,2,2026-02-18,created_backfill,2026-05-09 13:27:36.141645
291,Rillet,1,2026-02-18,created_backfill,2026-05-09 13:27:36.141645
292,Vevo*,1,2026-02-18,created_backfill,2026-05-09 13:27:36.141645
293,Raptive*,2,2026-02-18,created_backfill,2026-05-09 13:27:36.141645
294,OtterAI*,3,2026-02-18,created_backfill,2026-05-09 13:27:36.141645
295,American Airlines,2,2026-02-18,created_backfill,2026-05-09 13:27:36.141645
296,Acorns,1,2026-02-18,created_backfill,2026-05-09 13:27:36.141645
297,Nomic,1,2026-02-19,created_backfill,2026-05-09 13:27:36.141645
298,Weaviate,1,2026-02-19,created_backfill,2026-05-09 13:27:36.141645
299,DataLabs,1,2026-02-19,created_backfill,2026-05-09 13:27:36.141645
300,Netomi,2,2026-02-19,created_backfill,2026-05-09 13:27:36.141645
301,Point72,20,2026-02-19,created_backfill,2026-05-09 13:27:36.141645
302,AQR,2,2026-02-19,created_backfill,2026-05-09 13:27:36.141645
303,LiquidAI,6,2026-02-19,created_backfill,2026-05-09 13:27:36.141645
304,Varonis,1,2026-02-19,created_backfill,2026-05-09 13:27:36.141645
305,Sysco,2,2026-02-20,created_backfill,2026-05-09 13:27:36.141645
306,Doordash,2,2026-02-20,created_backfill,2026-05-09 13:27:36.141645
307,Tinder,2,2026-02-20,created_backfill,2026-05-09 13:27:36.141645
308,Kia Motors,2,2026-02-20,created_backfill,2026-05-09 13:27:36.141645
309,Opendoor,3,2026-02-20,created_backfill,2026-05-09 13:27:36.141645
310,Revolut,5,2026-02-22,created_backfill,2026-05-09 13:27:36.141645
311,Fireworks AI,2,2026-02-22,created_backfill,2026-05-09 13:27:36.141645
312,Quilter,1,2026-02-22,created_backfill,2026-05-09 13:27:36.141645
313,Twelve Labs,2,2026-02-22,created_backfill,2026-05-09 13:27:36.141645
314,Siro,1,2026-02-22,created_backfill,2026-05-09 13:27:36.141645
315,Mistral,7,2026-02-22,created_backfill,2026-05-09 13:27:36.141645
316,Datadog,2,2026-02-22,created_backfill,2026-05-09 13:27:36.141645
317,Teads,2,2026-02-22,created_backfill,2026-05-09 13:27:36.141645
318,Trustpilot,3,2026-02-22,created_backfill,2026-05-09 13:27:36.141645
319,Intercom,1,2026-02-22,created_backfill,2026-05-09 13:27:36.141645
320,Parallel,4,2026-02-22,created_backfill,2026-05-09 13:27:36.141645
321,Postman,2,2026-02-22,created_backfill,2026-05-09 13:27:36.141645
322,State Street,1,2026-02-23,created_backfill,2026-05-09 13:27:36.141645
323,Zoom,4,2026-02-25,created_backfill,2026-05-09 13:27:36.141645
324,CoRover AI,1,2026-02-25,created_backfill,2026-05-09 13:27:36.141645
325,Pave,2,2026-02-25,created_backfill,2026-05-09 13:27:36.141645
326,Octus,2,2026-02-25,created_backfill,2026-05-09 13:27:36.141645
327,WSP,1,2026-03-01,created_backfill,2026-05-09 13:27:36.141645
328,Avathon*,2,2026-03-01,created_backfill,2026-05-09 13:27:36.141645
329,MorningStar*,3,2026-03-01,created_backfill,2026-05-09 13:27:36.141645
330,Anyscale*,2,2026-03-01,created_backfill,2026-05-09 13:27:36.141645
331,Amazon,7,2026-03-02,created_backfill,2026-05-09 13:27:36.141645
332,Lincon Financial,1,2026-03-02,created_backfill,2026-05-09 13:27:36.141645
333,Hapag Lloyd*,1,2026-03-02,created_backfill,2026-05-09 13:27:36.141645
334,Target,3,2026-03-02,created_backfill,2026-05-09 13:27:36.141645
335,Walmart,23,2026-03-02,created_backfill,2026-05-09 13:27:36.141645
336,Waystar,12,2026-03-03,created_backfill,2026-05-09 13:27:36.141645
337,Sphere,1,2026-03-03,created_backfill,2026-05-09 13:27:36.141645
338,SystImmune,1,2026-03-03,created_backfill,2026-05-09 13:27:36.141645
339,GlobalLogic,1,2026-03-03,created_backfill,2026-05-09 13:27:36.141645
340,Treeswift,1,2026-03-03,created_backfill,2026-05-09 13:27:36.141645
341,Dopple,4,2026-03-03,created_backfill,2026-05-09 13:27:36.141645
342,Afresh,3,2026-03-03,created_backfill,2026-05-09 13:27:36.141645
343,Genmo,1,2026-03-03,created_backfill,2026-05-09 13:27:36.141645
344,Pyannote AI,1,2026-03-03,created_backfill,2026-05-09 13:27:36.141645
345,Rubrik,2,2026-03-03,created_backfill,2026-05-09 13:27:36.141645
346,Moondream AI,1,2026-03-04,created_backfill,2026-05-09 13:27:36.141645
347,Cambridge Mobile Telematics,1,2026-03-04,created_backfill,2026-05-09 13:27:36.141645
348,Sonatus*,1,2026-03-04,created_backfill,2026-05-09 13:27:36.141645
349,HMH*,1,2026-03-04,created_backfill,2026-05-09 13:27:36.141645
350,RBC,1,2026-03-04,created_backfill,2026-05-09 13:27:36.141645
351,Seagate,1,2026-03-04,created_backfill,2026-05-09 13:27:36.141645
352,Torc Robotics,5,2026-03-04,created_backfill,2026-05-09 13:27:36.141645
353,Micron,6,2026-03-04,created_backfill,2026-05-09 13:27:36.141645
354,HPIQ,1,2026-03-05,created_backfill,2026-05-09 13:27:36.141645
355,Meltwater,3,2026-03-05,created_backfill,2026-05-09 13:27:36.141645
356,Unison,2,2026-03-05,created_backfill,2026-05-09 13:27:36.141645
357,Mitek,1,2026-03-05,created_backfill,2026-05-09 13:27:36.141645
358,Generac,1,2026-03-05,created_backfill,2026-05-09 13:27:36.141645
359,Permian Resources,1,2026-03-05,created_backfill,2026-05-09 13:27:36.141645
360,Bank United,1,2026-03-05,created_backfill,2026-05-09 13:27:36.141645
361,Best Egg,1,2026-03-05,created_backfill,2026-05-09 13:27:36.141645
362,Lyft,17,2026-03-05,created_backfill,2026-05-09 13:27:36.141645
363,FedEx,1,2026-03-05,created_backfill,2026-05-09 13:27:36.141645
364,Upstart,1,2026-03-05,created_backfill,2026-05-09 13:27:36.141645
365,Trulioo,1,2026-03-05,created_backfill,2026-05-09 13:27:36.141645
366,Aarki,1,2026-03-05,created_backfill,2026-05-09 13:27:36.141645
367,Discord,1,2026-03-05,created_backfill,2026-05-09 13:27:36.141645
368,LivePerson,1,2026-03-06,created_backfill,2026-05-09 13:27:36.141645
369,Worldpay,1,2026-03-06,created_backfill,2026-05-09 13:27:36.141645
370,GSK,3,2026-03-06,created_backfill,2026-05-09 13:27:36.141645
371,Bevi,1,2026-03-06,created_backfill,2026-05-09 13:27:36.141645
372,Lennox,1,2026-03-06,created_backfill,2026-05-09 13:27:36.141645
373,HaydenAI,1,2026-03-06,created_backfill,2026-05-09 13:27:36.141645
374,Horace Mann,1,2026-03-06,created_backfill,2026-05-09 13:27:36.141645
375,Skyworks,2,2026-03-06,created_backfill,2026-05-09 13:27:36.141645
376,Quantifind,3,2026-03-07,created_backfill,2026-05-09 13:27:36.141645
377,BJC Health System,1,2026-03-07,created_backfill,2026-05-09 13:27:36.141645
378,HomeBase,1,2026-03-07,created_backfill,2026-05-09 13:27:36.141645
379,iCapital,1,2026-03-07,created_backfill,2026-05-09 13:27:36.141645
380,Axcelis,1,2026-03-07,created_backfill,2026-05-09 13:27:36.141645
381,Pairwise,1,2026-03-07,created_backfill,2026-05-09 13:27:36.141645
382,Kickoff,9,2026-03-08,created_backfill,2026-05-09 13:27:36.141645
383,RAPP,2,2026-03-08,created_backfill,2026-05-09 13:27:36.141645
384,McKinsey,1,2026-03-08,created_backfill,2026-05-09 13:27:36.141645
385,LightCast,2,2026-03-08,created_backfill,2026-05-09 13:27:36.141645
386,Berkshire Hathaway,3,2026-03-09,created_backfill,2026-05-09 13:27:36.141645
387,Dime Line Trading,6,2026-03-09,created_backfill,2026-05-09 13:27:36.141645
388,Roper,1,2026-03-09,created_backfill,2026-05-09 13:27:36.141645
389,Syngenta,1,2026-03-09,created_backfill,2026-05-09 13:27:36.141645
390,CreditKarma,6,2026-03-09,created_backfill,2026-05-09 13:27:36.141645
391,Attune,1,2026-03-09,created_backfill,2026-05-09 13:27:36.141645
392,Calico,1,2026-03-09,created_backfill,2026-05-09 13:27:36.141645
393,Operio,2,2026-03-09,created_backfill,2026-05-09 13:27:36.141645
394,Root,2,2026-03-11,created_backfill,2026-05-09 13:27:36.141645
395,SewerAI,2,2026-03-11,created_backfill,2026-05-09 13:27:36.141645
396,Chewy*,4,2026-03-11,created_backfill,2026-05-09 13:27:36.141645
397,Prosper,1,2026-03-11,created_backfill,2026-05-09 13:27:36.141645
398,AntkinsRealis*,1,2026-03-11,created_backfill,2026-05-09 13:27:36.141645
399,Fico,1,2026-03-11,created_backfill,2026-05-09 13:27:36.141645
400,Pepsico,1,2026-03-11,created_backfill,2026-05-09 13:27:36.141645
401,Tavern*,2,2026-03-11,created_backfill,2026-05-09 13:27:36.141645
402,Babel*,3,2026-03-11,created_backfill,2026-05-09 13:27:36.141645
403,Hertz,2,2026-03-12,created_backfill,2026-05-09 13:27:36.141645
404,Jerry,1,2026-03-12,created_backfill,2026-05-09 13:27:36.141645
405,Nasdaq,2,2026-03-12,created_backfill,2026-05-09 13:27:36.141645
406,Create Music Group,4,2026-03-13,created_backfill,2026-05-09 13:27:36.141645
407,Hearst,2,2026-03-13,created_backfill,2026-05-09 13:27:36.141645
408,Seismic,1,2026-03-13,created_backfill,2026-05-09 13:27:36.141645
409,Avride*,6,2026-03-13,created_backfill,2026-05-09 13:27:36.141645
410,Delloite,1,2026-03-13,created_backfill,2026-05-09 13:27:36.141645
411,HolidayInn,2,2026-03-15,created_backfill,2026-05-09 13:27:36.141645
412,GXO,2,2026-03-15,created_backfill,2026-05-09 13:27:36.141645
413,ShipERP,1,2026-03-15,created_backfill,2026-05-09 13:27:36.141645
414,Cleo,6,2026-03-15,created_backfill,2026-05-09 13:27:36.141645
415,N-Able*,2,2026-03-15,created_backfill,2026-05-09 13:27:36.141645
416,Starbucks,1,2026-03-15,created_backfill,2026-05-09 13:27:36.141645
417,Lincare,2,2026-03-15,created_backfill,2026-05-09 13:27:36.141645
418,William Blair*,2,2026-03-15,created_backfill,2026-05-09 13:27:36.141645
419,TrellisAI,1,2026-03-17,created_backfill,2026-05-09 13:27:36.141645
420,Crustdata,1,2026-03-17,created_backfill,2026-05-09 13:27:36.141645
421,SiriusXM,1,2026-03-17,created_backfill,2026-05-09 13:27:36.141645
422,Revalize,1,2026-03-17,created_backfill,2026-05-09 13:27:36.141645
423,Quid,1,2026-03-17,created_backfill,2026-05-09 13:27:36.141645
424,VideoAmp*,2,2026-03-17,created_backfill,2026-05-09 13:27:36.141645
425,Fiserv,1,2026-03-17,created_backfill,2026-05-09 13:27:36.141645
426,Planview,1,2026-03-17,created_backfill,2026-05-09 13:27:36.141645
427,FieldAI,3,2026-03-17,created_backfill,2026-05-09 13:27:36.141645
428,Thorne,1,2026-03-17,created_backfill,2026-05-09 13:27:36.141645
429,ICE,1,2026-03-17,created_backfill,2026-05-09 13:27:36.141645
430,Arevon,1,2026-03-17,created_backfill,2026-05-09 13:27:36.141645
431,Bimbo Bakeries,1,2026-03-19,created_backfill,2026-05-09 13:27:36.141645
432,HomeServe,1,2026-03-21,created_backfill,2026-05-09 13:27:36.141645
433,Nooks*,1,2026-03-21,created_backfill,2026-05-09 13:27:36.141645
434,Lam Research,2,2026-03-21,created_backfill,2026-05-09 13:27:36.141645
435,Burlington,1,2026-03-21,created_backfill,2026-05-09 13:27:36.141645
436,Eli Lilly,1,2026-03-21,created_backfill,2026-05-09 13:27:36.141645
437,Gray Swan,4,2026-03-21,created_backfill,2026-05-09 13:27:36.141645
438,Loenbro,2,2026-03-23,created_backfill,2026-05-09 13:27:36.141645
439,Parallel Rail,2,2026-03-23,created_backfill,2026-05-09 13:27:36.141645
440,Machinify,6,2026-03-24,created_backfill,2026-05-09 13:27:36.141645
441,You.com,3,2026-03-24,created_backfill,2026-05-09 13:27:36.141645
442,BECU,2,2026-03-24,created_backfill,2026-05-09 13:27:36.141645
443,Amgen,2,2026-03-24,created_backfill,2026-05-09 13:27:36.141645
444,Yum! Brands,1,2026-03-24,created_backfill,2026-05-09 13:27:36.141645
445,Mastercard,2,2026-03-24,created_backfill,2026-05-09 13:27:36.141645
446,Possible Finance,1,2026-03-24,created_backfill,2026-05-09 13:27:36.141645
447,Marmon Holdings,1,2026-03-24,created_backfill,2026-05-09 13:27:36.141645
448,Eudia,1,2026-03-24,created_backfill,2026-05-09 13:27:36.141645
449,IFS,1,2026-03-24,created_backfill,2026-05-09 13:27:36.141645
450,Scribd Inc,1,2026-03-26,created_backfill,2026-05-09 13:27:36.141645
451,National Interstate,1,2026-03-26,created_backfill,2026-05-09 13:27:36.141645
452,Rational Dynamics,1,2026-03-26,created_backfill,2026-05-09 13:27:36.141645
453,Analog Devices,1,2026-03-26,created_backfill,2026-05-09 13:27:36.141645
454,Wells Fargo,1,2026-03-26,created_backfill,2026-05-09 13:27:36.141645
455,Fortinet,1,2026-03-28,created_backfill,2026-05-09 13:27:36.141645
456,Definitive Healthcare,1,2026-03-28,created_backfill,2026-05-09 13:27:36.141645
457,Within,1,2026-03-28,created_backfill,2026-05-09 13:27:36.141645
458,Edward,1,2026-03-28,created_backfill,2026-05-09 13:27:36.141645
459,Spring Health,2,2026-03-28,created_backfill,2026-05-09 13:27:36.141645
460,V7,2,2026-03-28,created_backfill,2026-05-09 13:27:36.141645
461,Qualcomm,8,2026-03-29,created_backfill,2026-05-09 13:27:36.141645
462,Masimo,1,2026-03-29,created_backfill,2026-05-09 13:27:36.141645
463,Protégé,1,2026-03-29,created_backfill,2026-05-09 13:27:36.141645
464,DiDi,1,2026-03-29,created_backfill,2026-05-09 13:27:36.141645
465,Mutual of Omaha,1,2026-03-30,created_backfill,2026-05-09 13:27:36.141645
466,Traackr,1,2026-03-30,created_backfill,2026-05-09 13:27:36.141645
467,AllCloud,1,2026-03-30,created_backfill,2026-05-09 13:27:36.141645
468,The Aspen Group,1,2026-03-30,created_backfill,2026-05-09 13:27:36.141645
469,Uber Freight,4,2026-03-30,created_backfill,2026-05-09 13:27:36.141645
470,InflectionAI,1,2026-03-30,created_backfill,2026-05-09 13:27:36.141645
471,Avis Budget Group,1,2026-03-31,created_backfill,2026-05-09 13:27:36.141645
472,Cinemark,1,2026-04-01,created_backfill,2026-05-09 13:27:36.141645
473,Aeva,2,2026-04-01,created_backfill,2026-05-09 13:27:36.141645
474,Aily Labs,1,2026-04-01,created_backfill,2026-05-09 13:27:36.141645
475,Amplitude,1,2026-04-01,created_backfill,2026-05-09 13:27:36.141645
476,Akur8,1,2026-04-01,created_backfill,2026-05-09 13:27:36.141645
477,Cambia,2,2026-04-02,created_backfill,2026-05-09 13:27:36.141645
478,Western Digital,1,2026-04-02,created_backfill,2026-05-09 13:27:36.141645
479,Modern Amenities,2,2026-04-02,created_backfill,2026-05-09 13:27:36.141645
480,Fuse Machines,5,2026-04-02,created_backfill,2026-05-09 13:27:36.141645
481,Corridor,1,2026-04-03,created_backfill,2026-05-09 13:27:36.141645
482,Collate,2,2026-04-03,created_backfill,2026-05-09 13:27:36.141645
483,Leap Tools,1,2026-04-03,created_backfill,2026-05-09 13:27:36.141645
484,Garner Health,6,2026-04-03,created_backfill,2026-05-09 13:27:36.141645
485,Mozilla,3,2026-04-03,created_backfill,2026-05-09 13:27:36.141645
486,Redwood,1,2026-04-03,created_backfill,2026-05-09 13:27:36.141645
487,NewsBreak,2,2026-04-03,created_backfill,2026-05-09 13:27:36.141645
488,UnitX,1,2026-04-04,created_backfill,2026-05-09 13:27:36.141645
489,B3 Consulting,3,2026-04-04,created_backfill,2026-05-09 13:27:36.141645
490,Dassault Systemes,1,2026-04-04,created_backfill,2026-05-09 13:27:36.141645
491,Extend,4,2026-04-04,created_backfill,2026-05-09 13:27:36.141645
492,Bombora,1,2026-04-05,created_backfill,2026-05-09 13:27:36.141645
493,Triumph.gg,1,2026-04-05,created_backfill,2026-05-09 13:27:36.141645
494,Elastix AI,2,2026-04-05,created_backfill,2026-05-09 13:27:36.141645
495,Bland AI,3,2026-04-05,created_backfill,2026-05-09 13:27:36.141645
496,Deccan AI,5,2026-04-05,created_backfill,2026-05-09 13:27:36.141645
497,Shepherd,3,2026-04-05,created_backfill,2026-05-09 13:27:36.141645
498,Cadence Solutions,1,2026-04-06,created_backfill,2026-05-09 13:27:36.141645
499,Four Kites,2,2026-04-06,created_backfill,2026-05-09 13:27:36.141645
500,Cognition,2,2026-04-06,created_backfill,2026-05-09 13:27:36.141645
501,Equifax,7,2026-04-06,created_backfill,2026-05-09 13:27:36.141645
502,Profound,14,2026-04-06,created_backfill,2026-05-09 13:27:36.141645
503,EvolutionIQ,2,2026-04-06,created_backfill,2026-05-09 13:27:36.141645
504,PlusAI,3,2026-04-08,created_backfill,2026-05-09 13:27:36.141645
505,Brain Co.,5,2026-04-08,created_backfill,2026-05-09 13:27:36.141645
506,Dandy,1,2026-04-08,created_backfill,2026-05-09 13:27:36.141645
507,Sage Care Inc,1,2026-04-08,created_backfill,2026-05-09 13:27:36.141645
508,AE Studio,2,2026-04-08,created_backfill,2026-05-09 13:27:36.141645
509,OneMagnify,5,2026-04-08,created_backfill,2026-05-09 13:27:36.141645
510,Deluxe,2,2026-04-08,created_backfill,2026-05-09 13:27:36.141645
511,Bain Capital,1,2026-04-08,created_backfill,2026-05-09 13:27:36.141645
512,Alignment Health,1,2026-04-09,created_backfill,2026-05-09 13:27:36.141645
513,Ascot*,1,2026-04-10,created_backfill,2026-05-09 13:27:36.141645
514,BioRender,1,2026-04-10,created_backfill,2026-05-09 13:27:36.141645
515,Gotion,2,2026-04-10,created_backfill,2026-05-09 13:27:36.141645
516,Colgate-Palmolive,1,2026-04-10,created_backfill,2026-05-09 13:27:36.141645
517,Fractal,1,2026-04-10,created_backfill,2026-05-09 13:27:36.141645
518,Quantifi,1,2026-04-11,created_backfill,2026-05-09 13:27:36.141645
519,CrewAI,3,2026-04-11,created_backfill,2026-05-09 13:27:36.141645
520,Ema,1,2026-04-11,created_backfill,2026-05-09 13:27:36.141645
521,HumanSignal,1,2026-04-11,created_backfill,2026-05-09 13:27:36.141645
522,Harmonic,1,2026-04-11,created_backfill,2026-05-09 13:27:36.141645
523,Niron Magnetics,1,2026-04-12,created_backfill,2026-05-09 13:27:36.141645
524,Nothern Trust,1,2026-04-12,created_backfill,2026-05-09 13:27:36.141645
525,Reducto*,5,2026-04-12,created_backfill,2026-05-09 13:27:36.141645
526,Coris*,1,2026-04-12,created_backfill,2026-05-09 13:27:36.141645
527,Oversight,1,2026-04-13,created_backfill,2026-05-09 13:27:36.141645
528,Metropolis,1,2026-04-13,created_backfill,2026-05-09 13:27:36.141645
529,UJET.cx,1,2026-04-13,created_backfill,2026-05-09 13:27:36.141645
530,CTGT,1,2026-04-13,created_backfill,2026-05-09 13:27:36.141645
531,Abaka AI,4,2026-04-13,created_backfill,2026-05-09 13:27:36.141645
532,Arlo,1,2026-04-13,created_backfill,2026-05-09 13:27:36.141645
533,Fusion Risk Management,1,2026-04-14,created_backfill,2026-05-09 13:27:36.141645
534,Reever*,3,2026-04-14,created_backfill,2026-05-09 13:27:36.141645
535,Sandbar,2,2026-04-14,created_backfill,2026-05-09 13:27:36.141645
536,Virtu Financial*,3,2026-04-14,created_backfill,2026-05-09 13:27:36.141645
537,Latent,3,2026-04-14,created_backfill,2026-05-09 13:27:36.141645
538,Kion Group,1,2026-04-14,created_backfill,2026-05-09 13:27:36.141645
539,ExaCare AI,2,2026-04-15,created_backfill,2026-05-09 13:27:36.141645
540,Daydream*,1,2026-04-15,created_backfill,2026-05-09 13:27:36.141645
541,Visteon,1,2026-04-15,created_backfill,2026-05-09 13:27:36.141645
542,Tailored Brands,1,2026-04-15,created_backfill,2026-05-09 13:27:36.141645
543,BillGo,4,2026-04-15,created_backfill,2026-05-09 13:27:36.141645
544,Confie,1,2026-04-15,created_backfill,2026-05-09 13:27:36.141645
545,Kohls,1,2026-04-16,created_backfill,2026-05-09 13:27:36.141645
546,Qloo,2,2026-04-16,created_backfill,2026-05-09 13:27:36.141645
547,NBCUniversal,1,2026-04-16,created_backfill,2026-05-09 13:27:36.141645
548,TestSprite,1,2026-04-16,created_backfill,2026-05-09 13:27:36.141645
549,CampFire,1,2026-04-16,created_backfill,2026-05-09 13:27:36.141645
550,OneMain Financial,4,2026-04-16,created_backfill,2026-05-09 13:27:36.141645
551,Confido,4,2026-04-16,created_backfill,2026-05-09 13:27:36.141645
552,Cint,1,2026-04-16,created_backfill,2026-05-09 13:27:36.141645
553,Intuitive,3,2026-04-18,created_backfill,2026-05-09 13:27:36.141645
554,WebAI,3,2026-04-18,created_backfill,2026-05-09 13:27:36.141645
555,Cantina,1,2026-04-18,created_backfill,2026-05-09 13:27:36.141645
556,Janicki,1,2026-04-18,created_backfill,2026-05-09 13:27:36.141645
557,Aramark,1,2026-04-18,created_backfill,2026-05-09 13:27:36.141645
558,Clio,1,2026-04-18,created_backfill,2026-05-09 13:27:36.141645
559,Fidelity,4,2026-04-18,created_backfill,2026-05-09 13:27:36.141645
560,SoFi,3,2026-04-18,created_backfill,2026-05-09 13:27:36.141645
561,Terra AI,3,2026-04-18,created_backfill,2026-05-09 13:27:36.141645
562,Factory,2,2026-04-18,created_backfill,2026-05-09 13:27:36.141645
563,Path Robotics,3,2026-04-19,created_backfill,2026-05-09 13:27:36.141645
564,Pogo,1,2026-04-19,created_backfill,2026-05-09 13:27:36.141645
565,Merlin Labs,2,2026-04-19,created_backfill,2026-05-09 13:27:36.141645
566,Auctor,1,2026-04-19,created_backfill,2026-05-09 13:27:36.141645
567,Listen Labs,1,2026-04-19,created_backfill,2026-05-09 13:27:36.141645
568,Avoca,1,2026-04-19,created_backfill,2026-05-09 13:27:36.141645
569,Kalshi,1,2026-04-19,created_backfill,2026-05-09 13:27:36.141645
570,Clay,1,2026-04-19,created_backfill,2026-05-09 13:27:36.141645
571,Comcast,1,2026-04-20,created_backfill,2026-05-09 13:27:36.141645
572,Klaviyo,2,2026-04-20,created_backfill,2026-05-09 13:27:36.141645
573,Happy Elements,1,2026-04-20,created_backfill,2026-05-09 13:27:36.141645
574,Triplelift*,1,2026-04-20,created_backfill,2026-05-09 13:27:36.141645
575,Murphy USA,1,2026-04-20,created_backfill,2026-05-09 13:27:36.141645
576,Cordial,1,2026-04-20,created_backfill,2026-05-09 13:27:36.141645
577,Trinity,1,2026-04-20,created_backfill,2026-05-09 13:27:36.141645
578,Cushman & Wakefield*,1,2026-04-20,created_backfill,2026-05-09 13:27:36.141645
579,Rush Enterprise,1,2026-04-22,created_backfill,2026-05-09 13:27:36.141645
580,Qualified Health,5,2026-04-22,created_backfill,2026-05-09 13:27:36.141645
581,Bose Corporation,1,2026-04-22,created_backfill,2026-05-09 13:27:36.141645
582,Intel,2,2026-04-22,created_backfill,2026-05-09 13:27:36.141645
583,Context,3,2026-04-23,created_backfill,2026-05-09 13:27:36.141645
584,Johnson Controls,1,2026-04-23,created_backfill,2026-05-09 13:27:36.141645
585,Copart,1,2026-04-23,created_backfill,2026-05-09 13:27:36.141645
586,Workday,1,2026-04-23,created_backfill,2026-05-09 13:27:36.141645
587,SAP,1,2026-04-23,created_backfill,2026-05-09 13:27:36.141645
588,SoundCloud,1,2026-04-23,created_backfill,2026-05-09 13:27:36.141645
589,Quantiphi,1,2026-04-24,created_backfill,2026-05-09 13:27:36.141645
590,GlobalFoundries,5,2026-04-24,created_backfill,2026-05-09 13:27:36.141645
591,Qventus,1,2026-04-25,created_backfill,2026-05-09 13:27:36.141645
592,Phia,2,2026-04-25,created_backfill,2026-05-09 13:27:36.141645
593,SnorkelAI,8,2026-04-25,created_backfill,2026-05-09 13:27:36.141645
594,ChenMed,1,2026-04-25,created_backfill,2026-05-09 13:27:36.141645
595,eBay,1,2026-04-25,created_backfill,2026-05-09 13:27:36.141645
596,2K,1,2026-04-25,created_backfill,2026-05-09 13:27:36.141645
597,AMG & Associates,2,2026-04-26,created_backfill,2026-05-09 13:27:36.141645
598,TotalEnergies*,1,2026-04-26,created_backfill,2026-05-09 13:27:36.141645
599,ZenDesk,1,2026-04-26,created_backfill,2026-05-09 13:27:36.141645
600,Graphite,1,2026-04-26,created_backfill,2026-05-09 13:27:36.141645
601,Cyera,1,2026-04-26,created_backfill,2026-05-09 13:27:36.141645
602,NextEra Energies,4,2026-04-27,created_backfill,2026-05-09 13:27:36.141645
603,Tractor Supply Co,1,2026-04-28,created_backfill,2026-05-09 13:27:36.141645
604,Handshake,6,2026-04-28,created_backfill,2026-05-09 13:27:36.141645
605,Qlik,1,2026-04-28,created_backfill,2026-05-09 13:27:36.141645
606,TD Bank,1,2026-04-28,created_backfill,2026-05-09 13:27:36.141645
607,Calico Labs,1,2026-04-28,created_backfill,2026-05-09 13:27:36.141645
608,CareSource,1,2026-04-28,created_backfill,2026-05-09 13:27:36.141645
609,Genetech,1,2026-04-28,created_backfill,2026-05-09 13:27:36.141645
610,Cooper Companies,1,2026-04-28,created_backfill,2026-05-09 13:27:36.141645
611,West Yost,1,2026-04-28,created_backfill,2026-05-09 13:27:36.141645
612,Groupon,1,2026-04-29,created_backfill,2026-05-09 13:27:36.141645
613,Archetype,1,2026-04-29,created_backfill,2026-05-09 13:27:36.141645
614,Rocket,1,2026-04-29,created_backfill,2026-05-09 13:27:36.141645
615,F Schumacher,3,2026-05-08,created_backfill,2026-05-09 13:27:36.141645
616,Obin AI,2,2026-05-08,created_backfill,2026-05-09 13:27:36.141645
617,HealthEdge,1,2026-05-08,created_backfill,2026-05-09 13:27:36.141645
618,Vizcom,1,2026-05-08,created_backfill,2026-05-09 13:27:36.141645
619,GPTZero,2,2026-05-08,created_backfill,2026-05-09 13:27:36.141645
620,Plaud AI,8,2026-05-08,created_backfill,2026-05-09 13:27:36.141645
621,Centific,1,2026-05-08,created_backfill,2026-05-09 13:27:36.141645
622,Cambium Learning Group,2,2026-05-09,created,2026-05-09 13:51:49.726097
623,Gamma,1,2026-05-09,created,2026-05-09 13:56:25.253511
624,Spotify,1,2026-05-09,added,2026-05-09 13:57:36.089149
625,HPIQ,1,2026-05-09,added,2026-05-09 13:58:41.432388
626,GEICO,1,2026-05-09,created,2026-05-09 13:58:52.753823
627,TransRe,1,2026-05-09,created,2026-05-09 17:04:05.644147
628,GumGum*,1,2026-05-09,added,2026-05-09 17:09:52.772873
629,Ford*,1,2026-05-09,added,2026-05-09 19:22:37.605392
630,Spree AI,3,2026-05-09,created,2026-05-09 19:35:58.205464
631,The Home Depot,4,2026-05-09,created,2026-05-09 20:16:18.937968
632,Reducto*,5,2026-05-09,added,2026-05-09 20:36:58.509588
633,Warner Bros,1,2026-05-09,created,2026-05-10 00:49:19.37777
634,Checkr,6,2026-05-09,created,2026-05-10 00:57:52.422224
635,Discord,1,2026-05-09,added,2026-05-10 01:06:10.721328
636,Paramount,1,2026-05-10,created,2026-05-10 15:07:17.065019
637,ServiceNow,13,2026-05-10,created,2026-05-10 15:45:09.323085